kind,code,name,district_code,latitude,longitude
village,GRB-SHA-001,بازار شیخ‌علی,GRB-SHA,34.896136,68.453977
village,GRB-SHA-002,ترکمن,GRB-SHA,34.812057,68.353380
village,GRB-SHA-003,آرال,GRB-SHA,,
village,GRB-SHA-004,ایاسی,GRB-SHA,,
village,GRB-SHA-005,بابر,GRB-SHA,34.961942,68.597052
village,GRB-SHA-006,باریکی,GRB-SHA,,
village,GRB-SHA-007,بارخانه,GRB-SHA,,
village,GRB-SHA-008,بیک‌مرده,GRB-SHA,,
village,GRB-SHA-009,بید,GRB-SHA,,
village,GRB-SHA-010,جرف,GRB-SHA,,
village,GRB-SHA-011,کاجک,GRB-SHA,,
village,GRB-SHA-012,جوکول,GRB-SHA,,
village,GRB-SHA-013,نرخ,GRB-SHA,,
village,GRB-SHA-014,ناوی,GRB-SHA,,
village,GRB-SHA-015,قرلق,GRB-SHA,,
village,GRB-SHA-016,کرم‌علی,GRB-SHA,,
village,GRB-SHA-017,شکریانی,GRB-SHA,,
village,GRB-SHA-018,توریج,GRB-SHA,,
village,GRB-SHA-019,اوخنه,GRB-SHA,,
village,GRB-SHA-020,سرخاب,GRB-SHA,,
village,GRB-SHA-021,بلاغ,GRB-SHA,,
village,GRB-SHA-022,بنگ‌تور,GRB-SHA,,
village,GRB-SHA-023,خارزار,GRB-SHA,,
village,GRB-SHA-024,پاواز,GRB-SHA,,
village,GRB-SHA-025,بوقولی,GRB-SHA,,
village,GRB-SHA-026,قول شادی,GRB-SHA,,
village,GRB-SHA-027,قومغی,GRB-SHA,,
village,GRB-SHA-028,ای,GRB-SHA,,
village,GRB-SHW-001,پل متک,GRB-SHW,35.078761,69.195407
village,GRB-SHW-002,ده نو,GRB-SHW,35.009282,68.932264
village,GRB-SHW-003,عبدالکریم‌خیل,GRB-SHW,35.060562,69.071789
village,GRB-SHW-004,عبدالرحمن‌خیل,GRB-SHW,35.039764,69.023038
village,GRB-SHW-005,احمدخیل,GRB-SHW,35.043685,69.029036
village,GRB-SHW-006,محمدخیل,GRB-SHW,35.020647,68.966389
village,GRB-SHW-007,حسن‌خیل,GRB-SHW,35.098271,69.164434
village,GRB-SHW-008,ملک‌خیل,GRB-SHW,35.037665,68.873813
village,GRB-SHW-009,آب‌گرد,GRB-SHW,35.014461,68.947163
village,GRB-SHW-010,آب‌خانه اشترشهر,GRB-SHW,34.996744,68.891888
village,GRB-SHW-011,اشترشهر افغانیه,GRB-SHW,34.999839,68.905399
village,GRB-SHW-012,آهنگران,GRB-SHW,,
village,GRB-SHW-013,باغ افغان,GRB-SHW,35.072926,69.107152
village,GRB-SHW-014,باغچه,GRB-SHW,,
village,GRB-SHW-015,بیدقول,GRB-SHW,,
village,GRB-SHW-016,برج گل‌جان,GRB-SHW,35.045385,69.046040
village,GRB-SHW-017,باریکی,GRB-SHW,,
village,GRB-SHW-018,چناره,GRB-SHW,,
village,GRB-SHW-019,چناردره,GRB-SHW,,
village,GRB-SHW-020,چپ‌قول,GRB-SHW,,
village,GRB-SHW-021,چشمه‌باغ,GRB-SHW,,
village,GRB-SHW-022,دهن چمار,GRB-SHW,,
village,GRB-SHW-023,دهن دندور,GRB-SHW,,
village,GRB-SHW-024,دهن نمک‌آب,GRB-SHW,,
village,GRB-SHW-025,دهن شاه‌توت,GRB-SHW,,
village,GRB-SHW-026,دهن شیوه,GRB-SHW,,
village,GRB-SHW-027,دهی بالای درازگرد,GRB-SHW,,
village,GRB-SHW-028,دندور,GRB-SHW,,
village,GRB-SHW-029,ده‌بزرگ,GRB-SHW,,
village,GRB-SHW-030,دهنو,GRB-SHW,,
village,GRB-SHW-031,کهنه‌ده,GRB-SHW,,
village,GRB-SHW-032,قلعه,GRB-SHW,,
village,GRB-SHW-033,قلعه‌نو,GRB-SHW,,
village,GRB-SHW-034,کته‌قلعه,GRB-SHW,,
village,GRB-SHW-035,کاریز,GRB-SHW,,
village,GRB-SHW-036,کارلی,GRB-SHW,,
village,GRB-SHW-037,کبوتی,GRB-SHW,,
village,GRB-SHW-038,شاه‌محمدخیل,GRB-SHW,,
village,GRB-SHW-039,چناره بالا,GRB-SHW,,
village,GRB-SHW-040,چناره پایین,GRB-SHW,,
village,GRB-SHW-041,بادام‌زار,GRB-SHW,,
village,GRB-SHW-042,قاقشال,GRB-SHW,,
village,GRB-SHW-043,قول هیر,GRB-SHW,,
village,GRB-SHW-044,سرآسیاب,GRB-SHW,,
village,GRB-SHW-045,دره‌قلعه,GRB-SHW,,
village,GRB-SHW-046,سنگ‌تخت,GRB-SHW,,
village,GRB-SHW-047,آب‌دره,GRB-SHW,,
village,GRB-SHW-048,خواجه‌خضر,GRB-SHW,,
village,GRB-SHW-049,جوی‌نو,GRB-SHW,,
village,GRB-SHW-050,سیاه‌سنگ,GRB-SHW,,
village,GRB-SHW-051,چشمه,GRB-SHW,,
village,GRB-SHW-052,شاه‌توت,GRB-SHW,,
village,GRB-SHW-053,نمک‌آب,GRB-SHW,,
village,GRB-SHW-054,اشترشهر,GRB-SHW,35.003494,68.915578
village,GRB-SHW-055,درازگرو,GRB-SHW,,
village,GRB-SHW-056,بُرج,GRB-SHW,,
village,GRB-SHW-057,باغ افغان بالا,GRB-SHW,35.073769,69.125004
village,GRB-SHW-058,باغ افغان پایین,GRB-SHW,35.068439,69.095105
village,GRB-SHW-059,چمار,GRB-SHW,,
village,GRB-SHW-060,حسنزی خیل,GRB-SHW,,
village,GRB-SHW-061,گلاب خیل,GRB-SHW,,
village,GRB-SHW-062,ملک خیل,GRB-SHW,,
village,GRB-SHW-063,خارزار,GRB-SHW,,
village,GRB-SHW-064,چلما,GRB-SHW,,
village,GRB-SHW-065,چلمابالا,GRB-SHW,,
village,GRB-SPA-001,بازار سرخ‌پارسا,GRB-SPA,,
village,GRB-SPA-002,کج,GRB-SPA,,
village,GRB-SPA-003,عادل,GRB-SPA,,
village,GRB-SPA-004,آمورتک,GRB-SPA,,
village,GRB-SPA-005,عاشق,GRB-SPA,,
village,GRB-SPA-006,آو دره,GRB-SPA,,
village,GRB-SPA-007,بالاقلعه,GRB-SPA,,
village,GRB-SPA-008,بند میانگی,GRB-SPA,,
village,GRB-SPA-009,بنگی,GRB-SPA,,
village,GRB-SPA-010,بیدک,GRB-SPA,,
village,GRB-SPA-011,بیدک بالا,GRB-SPA,,
village,GRB-SPA-012,بسرک,GRB-SPA,,
village,GRB-SPA-013,بلندی,GRB-SPA,,
village,GRB-SPA-014,بوم گلک,GRB-SPA,,
village,GRB-SPA-015,چهار یاری,GRB-SPA,,
village,GRB-SPA-016,دهن آب‌پوش,GRB-SPA,,
village,GRB-SPA-017,دهن عاشق,GRB-SPA,,
village,GRB-SPA-018,دهن بالینه بادام,GRB-SPA,,
village,GRB-SPA-019,دهن باریک,GRB-SPA,,
village,GRB-SPA-020,دهن بیغمک,GRB-SPA,,
village,GRB-SPA-021,دهن بورالی,GRB-SPA,,
village,GRB-SPA-022,دهن دستارزن,GRB-SPA,,
village,GRB-SPA-023,دهن غجور,GRB-SPA,,
village,GRB-SPA-024,دهن گلک,GRB-SPA,,
village,GRB-SPA-025,دهن کاریزک,GRB-SPA,,
village,GRB-SPA-026,دهن خاکریز,GRB-SPA,,
village,GRB-SPA-027,دهن خربید,GRB-SPA,,
village,GRB-SPA-028,دهن خشکک,GRB-SPA,,
village,GRB-SPA-029,دهن لوخک,GRB-SPA,,
village,GRB-SPA-030,دهن نال,GRB-SPA,,
village,GRB-SPA-031,دهن ناوه,GRB-SPA,,
village,GRB-SPA-032,دهن نایک,GRB-SPA,,
village,GRB-SPA-033,دهن نیمزار,GRB-SPA,,
village,GRB-SPA-034,دهن نو,GRB-SPA,,
village,GRB-SPA-035,دهن اولیا,GRB-SPA,,
village,GRB-SPA-036,دهن پرنداز,GRB-SPA,,
village,GRB-SPA-037,دهن قرغنه,GRB-SPA,,
village,GRB-SPA-038,دهن قمری,GRB-SPA,,
village,GRB-SPA-039,دهن سنگینک,GRB-SPA,,
village,GRB-SPA-040,دهن سیبک,GRB-SPA,,
village,GRB-SPA-041,دهن سیبک بالا,GRB-SPA,,
village,GRB-SPA-042,دهن تیرکوه,GRB-SPA,,
village,GRB-SPA-043,دره کته‌سنگ,GRB-SPA,,
village,GRB-SPA-044,دیوارک,GRB-SPA,,
village,GRB-SPA-045,دینگک,GRB-SPA,,
village,GRB-SPA-046,دیار,GRB-SPA,,
village,GRB-SPA-047,دیار شیرمحمد,GRB-SPA,,
village,GRB-SPA-048,دوآبی شنه,GRB-SPA,,
village,GRB-SPA-049,فقیرک,GRB-SPA,,
village,GRB-SPA-050,گردن پریده,GRB-SPA,,
village,GRB-SPA-051,گاوپران,GRB-SPA,,
village,GRB-SPA-052,گردی,GRB-SPA,,
village,GRB-SPA-053,گدره,GRB-SPA,,
village,GRB-SPA-054,گل‌بام,GRB-SPA,,
village,GRB-SPA-055,حسن,GRB-SPA,,
village,GRB-SPA-056,حولی,GRB-SPA,,
village,GRB-SPA-057,اشتر مرده,GRB-SPA,,
village,GRB-SPA-058,جامی,GRB-SPA,,
village,GRB-SPA-059,جوره,GRB-SPA,,
village,GRB-SPA-060,جوازک,GRB-SPA,,
village,GRB-SPA-061,جوی شاه,GRB-SPA,,
village,GRB-SPA-062,کجک,GRB-SPA,,
village,GRB-SPA-063,کلان بابا,GRB-SPA,,
village,GRB-SPA-064,کلان تله,GRB-SPA,,
village,GRB-SPA-065,کاریزک,GRB-SPA,,
village,GRB-SPA-066,خالی,GRB-SPA,,
village,GRB-SPA-067,خانجک,GRB-SPA,,
village,GRB-SPA-068,خراکین,GRB-SPA,,
village,GRB-SPA-069,خربید,GRB-SPA,,
village,GRB-SPA-070,خاطر,GRB-SPA,,
village,GRB-SPA-071,خردکزی,GRB-SPA,,
village,GRB-SPA-072,خواجه علی,GRB-SPA,,
village,GRB-SPA-073,خواجه‌ها,GRB-SPA,,
village,GRB-SPA-074,خواجه میار,GRB-SPA,,
village,GRB-SPA-075,کوچک دهن الله‌محمد,GRB-SPA,,
village,GRB-SPA-076,کوچک دهن غار,GRB-SPA,,
village,GRB-SPA-077,کوچک دهن سموچه,GRB-SPA,,
village,GRB-SPA-078,کوچک شادمان,GRB-SPA,,
village,GRB-SPA-079,کهنه قلعه,GRB-SPA,,
village,GRB-SPA-080,لاله,GRB-SPA,,
village,GRB-SPA-081,لوخک,GRB-SPA,,
village,GRB-SPA-082,ماکوله,GRB-SPA,,
village,GRB-SPA-083,ملاخ‌خورده,GRB-SPA,,
village,GRB-SPA-084,میته,GRB-SPA,,
village,GRB-SPA-085,موشی,GRB-SPA,,
village,GRB-SPA-086,محتشم,GRB-SPA,,
village,GRB-SPA-087,ناورجوی,GRB-SPA,,
village,GRB-SPA-088,نایک,GRB-SPA,,
village,GRB-SPA-089,نعمت‌خیل,GRB-SPA,,
village,GRB-SPA-090,نورک,GRB-SPA,,
village,GRB-SPA-091,پس‌ده,GRB-SPA,,
village,GRB-SPA-092,پای روکی,GRB-SPA,,
village,GRB-SPA-093,پیش‌قشلاق,GRB-SPA,,
village,GRB-SPA-094,پیر سلطان,GRB-SPA,,
village,GRB-SPA-095,قلعه ابدال,GRB-SPA,,
village,GRB-SPA-096,قلعه آسون,GRB-SPA,,
village,GRB-SPA-097,قلعه عطا,GRB-SPA,,
village,GRB-SPA-098,قلعه بغل,GRB-SPA,,
village,GRB-SPA-099,قلعه جمیل,GRB-SPA,,
village,GRB-SPA-100,قلعه خم,GRB-SPA,,
village,GRB-SPA-101,قلعه نادرشاه,GRB-SPA,,
village,GRB-SPA-102,قلعه پادشاهی,GRB-SPA,,
village,GRB-SPA-103,قلعه پاینده,GRB-SPA,,
village,GRB-SPA-104,قاپزار,GRB-SPA,,
village,GRB-SPA-105,قریه فاضل,GRB-SPA,,
village,GRB-SPA-106,قیدخانه,GRB-SPA,,
village,GRB-SPA-107,قودی,GRB-SPA,,
village,GRB-SPA-108,قول الیسوم,GRB-SPA,,
village,GRB-SPA-109,قول کوچک,GRB-SPA,,
village,GRB-SPA-110,قوناق,GRB-SPA,,
village,GRB-SPA-111,قوم باقی,GRB-SPA,,
village,GRB-SPA-112,قمری,GRB-SPA,,
village,GRB-SPA-113,صد مرده,GRB-SPA,,
village,GRB-SPA-114,سفره,GRB-SPA,,
village,GRB-SPA-115,سنگینک,GRB-SPA,,
village,GRB-SPA-116,سر آب‌پوش,GRB-SPA,,
village,GRB-SPA-117,سر غجور,GRB-SPA,,
village,GRB-SPA-118,سر گلک,GRB-SPA,,
village,GRB-SPA-119,سر خاکریز,GRB-SPA,,
village,GRB-SPA-120,سر تله,GRB-SPA,,
village,GRB-SPA-121,سر تنگی,GRB-SPA,,
village,GRB-SPA-122,سر ورکی,GRB-SPA,,
village,GRB-SPA-123,سیبک,GRB-SPA,,
village,GRB-SPA-124,سیل‌زاده,GRB-SPA,,
village,GRB-SPA-125,شیبرک,GRB-SPA,,
village,GRB-SPA-126,شینه,GRB-SPA,,
village,GRB-SPA-127,شیرازی,GRB-SPA,,
village,GRB-SPA-128,سیاه‌خراک,GRB-SPA,,
village,GRB-SPA-129,سیاه‌سنگک,GRB-SPA,,
village,GRB-SPA-130,سپیدار,GRB-SPA,,
village,GRB-SPA-131,سموچک,GRB-SPA,,
village,GRB-SPA-132,سرخ قلعه,GRB-SPA,,
village,GRB-SPA-133,سرخ‌سنگ,GRB-SPA,,
village,GRB-SPA-134,تنگی,GRB-SPA,,
village,GRB-SPA-135,تای حولی,GRB-SPA,,
village,GRB-SPA-136,وند,GRB-SPA,,
village,GRB-SPA-137,ییلاق غول جتو,GRB-SPA,,
village,GRB-SPA-138,ییلاق کلان بالا,GRB-SPA,,
village,GRB-SPA-139,ییلاق کلان بالای قطندر,GRB-SPA,,
village,GRB-SPA-140,ییلاق پیش‌قشلاق,GRB-SPA,,
village,GRB-SPA-141,ییلاق وند,GRB-SPA,,
village,GRB-SPA-142,زنبورک,GRB-SPA,,
village,GRB-SPA-143,زیادته,GRB-SPA,,
village,GRB-SYG-001,خیشکی,GRB-SYG,35.001181,68.797929
village,GRB-SYG-002,صدوار,GRB-SYG,,
village,GRB-SYG-003,دره‌قول‌خول,GRB-SYG,35.139867,68.742095
village,GRB-SYG-004,قلعه نو,GRB-SYG,,
village,GRB-SYG-005,ابراهیم‌خیل,GRB-SYG,,
village,GRB-SYG-006,یعقوب‌خیل,GRB-SYG,,
village,GRB-SYG-007,بهادرخان‌خیل,GRB-SYG,,
village,GRB-SYG-008,شهبازخان‌خیل,GRB-SYG,,
village,GRB-SYG-009,رحیم‌خیل,GRB-SYG,,
village,GRB-SYG-010,جنت‌خیل,GRB-SYG,,
village,GRB-SYG-011,ده‌ویران,GRB-SYG,,
village,GRB-SYG-012,بلکزار,GRB-SYG,,
village,GRB-SYG-013,خارزاز,GRB-SYG,,
village,GRB-SYG-014,مکنکار,GRB-SYG,,
village,GRB-SYG-015,اسپیلکزار,GRB-SYG,,
village,GRB-SYG-016,اعظم‌خیل,GRB-SYG,,
village,GRB-SYG-017,میرعالم‌خیل,GRB-SYG,34.957243,68.756482
village,GRB-SYG-018,عبران‌خیل,GRB-SYG,,
village,GRB-SYG-019,حجم‌خیل,GRB-SYG,,
village,GRB-SYG-020,شاهی‌خیل,GRB-SYG,,
village,GRB-SYG-021,کجیر‌خیل,GRB-SYG,,
village,GRB-SYG-022,دوباف,GRB-SYG,,
village,GRB-SYG-023,ملی‌خیل,GRB-SYG,,
village,GRB-SYG-024,دوآبه,GRB-SYG,34.964277,68.643186
village,GRB-SYG-025,شاه‌مردان,GRB-SYG,,
village,GRB-SYG-026,داغان,GRB-SYG,,
village,GRB-SYG-027,کورکان,GRB-SYG,,
village,GRB-SYG-028,تیخان,GRB-SYG,34.901663,68.768727
village,GRB-SYG-029,یخدره,GRB-SYG,34.957982,68.793250
village,GRB-SYG-030,عاشمق‌خیل,GRB-SYG,,
village,GRB-SYG-031,سیدان,GRB-SYG,34.971382,68.791883
village,GRB-SYG-032,قمچاق,GRB-SYG,35.069487,68.853344
village,GRB-SYG-033,شمشیر‌خیل,GRB-SYG,,
village,GRB-SYG-034,میرخان‌خیل,GRB-SYG,34.953729,68.882454
village,GRB-SYG-035,آب بالا,GRB-SYG,,
village,GRB-SYG-036,زاخیل,GRB-SYG,,
village,GRB-SYG-037,حصار افغانیه,GRB-SYG,,
village,GRB-SYG-038,حصار تاجیکیه,GRB-SYG,,
village,GRB-SYG-039,دشتک,GRB-SYG,35.070828,68.779452
village,GRB-SYG-040,قلات,GRB-SYG,35.038240,68.857076
village,GRB-SYG-041,قلعه عظیم‌الله,GRB-SYG,,
village,GRB-SYG-042,کاریزی,GRB-SYG,,
village,GRB-SYG-043,گردنه,GRB-SYG,,
village,GRB-SYG-044,غندی,GRB-SYG,,
village,GRB-SYG-045,جانبد‌خیل,GRB-SYG,,
village,GRB-SYG-046,کوچه لقا,GRB-SYG,,
village,GRB-SYG-047,کوچه عوض,GRB-SYG,,
village,GRB-SYG-048,بلوچ‌خیل,GRB-SYG,,
village,GRB-SYG-049,ملا‌خیل,GRB-SYG,,
village,GRB-SYG-050,مکر‌خیل,GRB-SYG,,
village,GRB-SYG-051,سرتوله,GRB-SYG,,
village,GRB-SYG-052,جویدختر,GRB-SYG,35.060954,68.726059
village,GRB-SYG-053,کوبچه,GRB-SYG,35.039084,68.800084
village,GRB-SYG-054,سنگ‌سوراخ,GRB-SYG,,
village,GRB-SYG-055,قولک,GRB-SYG,,
village,GRB-SYG-056,بند عرب,GRB-SYG,,
village,GRB-SYG-057,گلیا,GRB-SYG,,
village,GRB-SYG-058,رنگاب,GRB-SYG,,
village,GRB-SYG-059,گل‌محمد‌خیل,GRB-SYG,,
village,GRB-SYG-060,عبدالله‌خیل,GRB-SYG,,
village,GRB-SYG-061,رسولی‌خیل,GRB-SYG,,
village,GRB-SYG-062,ده‌حیات,GRB-SYG,,
village,GRB-SYG-063,وازغر,GRB-SYG,35.011561,68.850228
village,GRB-SYG-064,توپی,GRB-SYG,,
village,GRB-SYG-065,ارسا,GRB-SYG,,
village,GRB-SYG-066,کلانتری,GRB-SYG,,
village,GRB-SYG-067,برباغ,GRB-SYG,,
village,GRB-SYG-068,انگارکچو,GRB-SYG,,
village,GRB-SYG-069,ایوب‌خیل,GRB-SYG,,
village,GRB-SYG-070,لیسه,GRB-SYG,,
village,GRB-SYG-071,سه‌پایه,GRB-SYG,,
village,GRB-SYG-072,آهنگران,GRB-SYG,,
village,GRB-SYG-073,شلنگترازان,GRB-SYG,,
village,GRB-SYG-074,شغاشلنگ,GRB-SYG,,
village,GRB-SYG-075,باغ‌گودر,GRB-SYG,,
village,GRB-SYG-076,زردالو,GRB-SYG,,
village,GRB-SYG-077,فندقستان,GRB-SYG,34.969980,68.862028
village,GRB-SYG-078,گداره,GRB-SYG,,
village,GRB-SYG-079,قلعه‌کلان,GRB-SYG,,
village,GRB-SYG-080,میرزاخیل,GRB-SYG,34.935878,68.775211
village,GRB-SYG-081,بالاغیل,GRB-SYG,34.980875,68.856733
village,GRB-SYG-082,سه‌قریه,GRB-SYG,,
village,GRB-SYG-083,سردره,GRB-SYG,34.957998,68.868606
village,GRB-SYG-084,تختا,GRB-SYG,,
village,GRB-SYG-085,ننگرهاری,GRB-SYG,,
village,GRB-SYG-086,شینواری,GRB-SYG,34.942045,68.859136
village,GRB-SYG-087,قبیله,GRB-SYG,,
village,GRB-SYG-088,آکصان,GRB-SYG,,
village,GRB-SYG-089,باقل‌قول,GRB-SYG,34.950147,68.885228
village,GRB-SYG-090,خشکک,GRB-SYG,,
village,GRB-SYG-091,محقبان,GRB-SYG,,
village,GRB-SYG-092,محتسبا,GRB-SYG,,
village,GRB-SYG-093,میرزان,GRB-SYG,,
village,GRB-SYG-094,دره‌تنگ,GRB-SYG,35.152161,68.859136
village,GRB-SYG-095,دولتا,GRB-SYG,,
village,GRB-SYG-096,تاوه,GRB-SYG,,
village,GRB-SYG-097,زیبخشی,GRB-SYG,,
village,GRB-SYG-098,جنتگیری,GRB-SYG,,
village,GRB-SYG-099,جنریق,GRB-SYG,,
village,GRB-SYG-100,زینیال,GRB-SYG,34.998342,68.747986
village,GRB-SYG-101,زمین شاه‌ولی,GRB-SYG,,
village,GRB-SYG-102,قولیچ,GRB-SYG,,
village,GRB-SYG-103,باکس,GRB-SYG,,
village,GRB-SYG-104,کراتا,GRB-SYG,,
village,GRB-SYG-105,صاحبداد,GRB-SYG,,
village,GRB-SYG-106,باقی‌دمبک,GRB-SYG,,
village,GRB-SYG-107,قیدخانه,GRB-SYG,,
village,GRB-SYG-108,پلنگ‌کشته,GRB-SYG,,
village,GRB-SYG-109,گاو‌خواب‌کرده,GRB-SYG,,
village,GRB-SYG-110,چیلان,GRB-SYG,34.963005,68.717009
village,GRB-SYG-111,عصمت‌خیل,GRB-SYG,,
village,GRB-SYG-112,سیاگکان,GRB-SYG,,
village,GRB-SYG-113,سرمه,GRB-SYG,,
village,GRB-SYG-114,سرماچه,GRB-SYG,,
village,GRB-SYG-115,چهارده,GRB-SYG,34.994592,68.760780
village,GRB-SYG-116,گلیان,GRB-SYG,,
village,GRB-SYG-117,لنگر,GRB-SYG,,
village,GRB-SYG-118,لیچ,GRB-SYG,,
village,GRB-SYG-119,سقا,GRB-SYG,,
village,GRB-SYG-120,جلالیه‌سقا,GRB-SYG,,
village,GRB-SYG-121,گرمک‌چشمه,GRB-SYG,,
village,GRB-SYG-122,نیازالله,GRB-SYG,,
village,GRB-SYG-123,گداره‌دیدار,GRB-SYG,,
village,GRB-SYG-124,حاجی‌خیل,GRB-SYG,,
village,GRB-SYG-125,تیلر,GRB-SYG,,
village,GRB-SYG-126,بغندی,GRB-SYG,,
village,GRB-SYG-127,بغلک,GRB-SYG,35.051732,68.817937
village,GRB-SYG-128,قلعچه,GRB-SYG,,
village,GRB-SYG-129,قاملق,GRB-SYG,,
village,GRB-SYG-130,خوشدره,GRB-SYG,,
village,GRB-SYG-131,چهاونی,GRB-SYG,,
village,GRB-SYG-132,حمیدالله‌خیل,GRB-SYG,,
village,GRB-SYG-133,سیدباخم,GRB-SYG,,
village,GRB-SYG-134,جنگل,GRB-SYG,34.999613,68.761580
village,GRB-SYG-135,زی‌منصور,GRB-SYG,,
village,GRB-SYG-136,منصوریه,GRB-SYG,,
village,GRB-SYG-137,دهن‌پارسا,GRB-SYG,,
village,GRB-SYG-138,فرنجل,GRB-SYG,34.981874,68.677329
village,GRB-SYG-139,بهارستان‌باخم,GRB-SYG,,
village,GRB-SYG-140,آشتیانا‌باخم,GRB-SYG,,
village,GRB-SYG-141,تازه‌فرنجل,GRB-SYG,34.973146,68.664797
village,GRB-SYG-142,قلعه‌کهنه,GRB-SYG,,
village,GRB-SYG-143,پس‌قلعه,GRB-SYG,,
village,GRB-SYG-144,دشت‌آب,GRB-SYG,,
village,GRB-SYG-145,چهلگزی,GRB-SYG,,
village,GRB-SYG-146,بودا,GRB-SYG,,
village,GRB-SYG-147,لشکر,GRB-SYG,,
village,GRB-SYG-148,حقداد,GRB-SYG,,
village,GRB-SYG-149,واته‌پور,GRB-SYG,,
village,GRB-SYG-150,اسلمیه,GRB-SYG,,
village,GRB-SYG-151,قدیباغ و نقشبندیا,GRB-SYG,,
village,GRB-SYG-152,نعیم‌الله,GRB-SYG,,
village,GRB-SYG-153,تیکان,GRB-SYG,,
village,GRB-SYG-154,قلعه‌نورخان,GRB-SYG,,
village,GRB-SYG-155,دره‌زاب,GRB-SYG,,
village,GRB-SYG-156,دهن‌زاب,GRB-SYG,,
village,GRB-SYG-157,جر‌زاب,GRB-SYG,,
village,GRB-SYG-158,قلعه‌سرسنگ,GRB-SYG,,
village,GRB-SYG-159,کتارخاک,GRB-SYG,,
village,GRB-SYG-160,دشت‌کواز,GRB-SYG,,
village,GRB-SYG-161,پسکان,GRB-SYG,,
village,GRB-SYG-162,مازانه,GRB-SYG,,
village,GRB-SYG-163,دوآب,GRB-SYG,,
village,GRB-SYG-164,پشته,GRB-SYG,,
village,GRB-SYG-165,آدینه,GRB-SYG,,
village,GRB-SYG-166,کرکره,GRB-SYG,,
village,GRB-SYG-167,دندآب,GRB-SYG,,
village,GRB-SYG-168,سرخی,GRB-SYG,34.991464,68.835648
village,GRB-SYG-169,بالا‌قلعه‌لنگش,GRB-SYG,,
village,GRB-SYG-170,طبقی,GRB-SYG,,
village,GRB-SYG-171,درنازو,GRB-SYG,,
village,GRB-SYG-172,قول‌سعید,GRB-SYG,,
village,GRB-SYG-173,حاجتگاه,GRB-SYG,,
village,GRB-SYG-174,قول‌مسعود,GRB-SYG,,
village,GRB-SYG-175,بلال‌خیل,GRB-SYG,34.949734,68.880848
village,GRB-SYG-176,سنگ‌حصار,GRB-SYG,,
village,GRB-SYG-177,بالا‌حصار,GRB-SYG,,
village,GRB-SYG-178,چهارمغزک,GRB-SYG,,
village,GRB-SYG-179,چکریزار,GRB-SYG,,
village,GRB-SYG-180,چنارک,GRB-SYG,,
village,GRB-SYG-181,چنارو,GRB-SYG,,
village,GRB-SYG-182,باقی‌خیل,GRB-SYG,,
village,GRB-SYG-183,ده‌نو,GRB-SYG,,
village,GRB-SYG-184,ورسندان,GRB-SYG,,
village,GRB-SYG-185,بشال,GRB-SYG,,
village,GRB-SYG-186,پیرکه,GRB-SYG,,
village,GRB-SYG-187,پته‌پایه,GRB-SYG,,
village,GRB-SYG-188,سلطانیه,GRB-SYG,,
village,GRB-SYG-189,جلگه,GRB-SYG,,
village,KBL-JAD-001,جاده,KBL-JAD,,
village,KBL-KHM-001,خیرخانه مینه,KBL-KHM,,
station,GRB-SHA-001-S1,ایستگاه بازار شیخ‌علی,GRB-SHA,,
station,GRB-SHA-002-S1,ایستگاه ترکمن,GRB-SHA,,
station,GRB-SHA-003-S1,ایستگاه آرال,GRB-SHA,,
station,GRB-SHA-004-S1,ایستگاه ایاسی,GRB-SHA,,
station,GRB-SHA-005-S1,ایستگاه بابر,GRB-SHA,,
station,GRB-SHA-006-S1,ایستگاه باریکی,GRB-SHA,,
station,GRB-SHA-007-S1,ایستگاه بارخانه,GRB-SHA,,
station,GRB-SHA-008-S1,ایستگاه بیک‌مرده,GRB-SHA,,
station,GRB-SHA-009-S1,ایستگاه بید,GRB-SHA,,
station,GRB-SHA-010-S1,ایستگاه جرف,GRB-SHA,,
station,GRB-SHA-011-S1,ایستگاه کاجک,GRB-SHA,,
station,GRB-SHA-012-S1,ایستگاه جوکول,GRB-SHA,,
station,GRB-SHA-013-S1,ایستگاه نرخ,GRB-SHA,,
station,GRB-SHA-014-S1,ایستگاه ناوی,GRB-SHA,,
station,GRB-SHA-015-S1,ایستگاه قرلق,GRB-SHA,,
station,GRB-SHA-016-S1,ایستگاه کرم‌علی,GRB-SHA,,
station,GRB-SHA-017-S1,ایستگاه شکریانی,GRB-SHA,,
station,GRB-SHA-018-S1,ایستگاه توریج,GRB-SHA,,
station,GRB-SHA-019-S1,ایستگاه اوخنه,GRB-SHA,,
station,GRB-SHA-020-S1,ایستگاه سرخاب,GRB-SHA,,
station,GRB-SHA-021-S1,ایستگاه بلاغ,GRB-SHA,,
station,GRB-SHA-022-S1,ایستگاه بنگ‌تور,GRB-SHA,,
station,GRB-SHA-023-S1,ایستگاه خارزار,GRB-SHA,,
station,GRB-SHA-024-S1,ایستگاه پاواز,GRB-SHA,,
station,GRB-SHA-025-S1,ایستگاه بوقولی,GRB-SHA,,
station,GRB-SHA-026-S1,ایستگاه قول شادی,GRB-SHA,,
station,GRB-SHA-027-S1,ایستگاه قومغی,GRB-SHA,,
station,GRB-SHA-028-S1,ایستگاه ای,GRB-SHA,,
station,GRB-SHW-001-S1,ایستگاه پل متک,GRB-SHW,,
station,GRB-SHW-002-S1,ایستگاه ده نو,GRB-SHW,,
station,GRB-SHW-003-S1,ایستگاه عبدالکریم‌خیل,GRB-SHW,,
station,GRB-SHW-004-S1,ایستگاه عبدالرحمن‌خیل,GRB-SHW,,
station,GRB-SHW-005-S1,ایستگاه احمدخیل,GRB-SHW,,
station,GRB-SHW-006-S1,ایستگاه محمدخیل,GRB-SHW,,
station,GRB-SHW-007-S1,ایستگاه حسن‌خیل,GRB-SHW,,
station,GRB-SHW-008-S1,ایستگاه ملک‌خیل,GRB-SHW,,
station,GRB-SHW-009-S1,ایستگاه آب‌گرد,GRB-SHW,,
station,GRB-SHW-010-S1,ایستگاه آب‌خانه اشترشهر,GRB-SHW,,
station,GRB-SHW-011-S1,ایستگاه اشترشهر افغانیه,GRB-SHW,,
station,GRB-SHW-012-S1,ایستگاه آهنگران,GRB-SHW,,
station,GRB-SHW-013-S1,ایستگاه باغ افغان,GRB-SHW,,
station,GRB-SHW-014-S1,ایستگاه باغچه,GRB-SHW,,
station,GRB-SHW-015-S1,ایستگاه بیدقول,GRB-SHW,,
station,GRB-SHW-016-S1,ایستگاه برج گل‌جان,GRB-SHW,,
station,GRB-SHW-017-S1,ایستگاه باریکی,GRB-SHW,,
station,GRB-SHW-018-S1,ایستگاه چناره,GRB-SHW,,
station,GRB-SHW-019-S1,ایستگاه چناردره,GRB-SHW,,
station,GRB-SHW-020-S1,ایستگاه چپ‌قول,GRB-SHW,,
station,GRB-SHW-021-S1,ایستگاه چشمه‌باغ,GRB-SHW,,
station,GRB-SHW-022-S1,ایستگاه دهن چمار,GRB-SHW,,
station,GRB-SHW-023-S1,ایستگاه دهن دندور,GRB-SHW,,
station,GRB-SHW-024-S1,ایستگاه دهن نمک‌آب,GRB-SHW,,
station,GRB-SHW-025-S1,ایستگاه دهن شاه‌توت,GRB-SHW,,
station,GRB-SHW-026-S1,ایستگاه دهن شیوه,GRB-SHW,,
station,GRB-SHW-027-S1,ایستگاه دهی بالای درازگرد,GRB-SHW,,
station,GRB-SHW-028-S1,ایستگاه دندور,GRB-SHW,,
station,GRB-SHW-029-S1,ایستگاه ده‌بزرگ,GRB-SHW,,
station,GRB-SHW-030-S1,ایستگاه دهنو,GRB-SHW,,
station,GRB-SHW-031-S1,ایستگاه کهنه‌ده,GRB-SHW,,
station,GRB-SHW-032-S1,ایستگاه قلعه,GRB-SHW,,
station,GRB-SHW-033-S1,ایستگاه قلعه‌نو,GRB-SHW,,
station,GRB-SHW-034-S1,ایستگاه کته‌قلعه,GRB-SHW,,
station,GRB-SHW-035-S1,ایستگاه کاریز,GRB-SHW,,
station,GRB-SHW-036-S1,ایستگاه کارلی,GRB-SHW,,
station,GRB-SHW-037-S1,ایستگاه کبوتی,GRB-SHW,,
station,GRB-SHW-038-S1,ایستگاه شاه‌محمدخیل,GRB-SHW,,
station,GRB-SHW-039-S1,ایستگاه چناره بالا,GRB-SHW,,
station,GRB-SHW-040-S1,ایستگاه چناره پایین,GRB-SHW,,
station,GRB-SHW-041-S1,ایستگاه بادام‌زار,GRB-SHW,,
station,GRB-SHW-042-S1,ایستگاه قاقشال,GRB-SHW,,
station,GRB-SHW-043-S1,ایستگاه قول هیر,GRB-SHW,,
station,GRB-SHW-044-S1,ایستگاه سرآسیاب,GRB-SHW,,
station,GRB-SHW-045-S1,ایستگاه دره‌قلعه,GRB-SHW,,
station,GRB-SHW-046-S1,ایستگاه سنگ‌تخت,GRB-SHW,,
station,GRB-SHW-047-S1,ایستگاه آب‌دره,GRB-SHW,,
station,GRB-SHW-048-S1,ایستگاه خواجه‌خضر,GRB-SHW,,
station,GRB-SHW-049-S1,ایستگاه جوی‌نو,GRB-SHW,,
station,GRB-SHW-050-S1,ایستگاه سیاه‌سنگ,GRB-SHW,,
station,GRB-SHW-051-S1,ایستگاه چشمه,GRB-SHW,,
station,GRB-SHW-052-S1,ایستگاه شاه‌توت,GRB-SHW,,
station,GRB-SHW-053-S1,ایستگاه نمک‌آب,GRB-SHW,,
station,GRB-SHW-054-S1,ایستگاه اشترشهر,GRB-SHW,,
station,GRB-SHW-055-S1,ایستگاه درازگرو,GRB-SHW,,
station,GRB-SHW-056-S1,ایستگاه بُرج,GRB-SHW,,
station,GRB-SHW-057-S1,ایستگاه باغ افغان بالا,GRB-SHW,,
station,GRB-SHW-058-S1,ایستگاه باغ افغان پایین,GRB-SHW,,
station,GRB-SHW-059-S1,ایستگاه چمار,GRB-SHW,,
station,GRB-SHW-060-S1,ایستگاه حسنزی خیل,GRB-SHW,,
station,GRB-SHW-061-S1,ایستگاه گلاب خیل,GRB-SHW,,
station,GRB-SHW-062-S1,ایستگاه ملک خیل,GRB-SHW,,
station,GRB-SHW-063-S1,ایستگاه خارزار,GRB-SHW,,
station,GRB-SHW-064-S1,ایستگاه چلما,GRB-SHW,,
station,GRB-SHW-065-S1,ایستگاه چلمابالا,GRB-SHW,,
station,GRB-SPA-001-S1,ایستگاه بازار سرخ‌پارسا,GRB-SPA,,
station,GRB-SPA-002-S1,ایستگاه کج,GRB-SPA,,
station,GRB-SPA-003-S1,ایستگاه عادل,GRB-SPA,,
station,GRB-SPA-004-S1,ایستگاه آمورتک,GRB-SPA,,
station,GRB-SPA-005-S1,ایستگاه عاشق,GRB-SPA,,
station,GRB-SPA-006-S1,ایستگاه آو دره,GRB-SPA,,
station,GRB-SPA-007-S1,ایستگاه بالاقلعه,GRB-SPA,,
station,GRB-SPA-008-S1,ایستگاه بند میانگی,GRB-SPA,,
station,GRB-SPA-009-S1,ایستگاه بنگی,GRB-SPA,,
station,GRB-SPA-010-S1,ایستگاه بیدک,GRB-SPA,,
station,GRB-SPA-011-S1,ایستگاه بیدک بالا,GRB-SPA,,
station,GRB-SPA-012-S1,ایستگاه بسرک,GRB-SPA,,
station,GRB-SPA-013-S1,ایستگاه بلندی,GRB-SPA,,
station,GRB-SPA-014-S1,ایستگاه بوم گلک,GRB-SPA,,
station,GRB-SPA-015-S1,ایستگاه چهار یاری,GRB-SPA,,
station,GRB-SPA-016-S1,ایستگاه دهن آب‌پوش,GRB-SPA,,
station,GRB-SPA-017-S1,ایستگاه دهن عاشق,GRB-SPA,,
station,GRB-SPA-018-S1,ایستگاه دهن بالینه بادام,GRB-SPA,,
station,GRB-SPA-019-S1,ایستگاه دهن باریک,GRB-SPA,,
station,GRB-SPA-020-S1,ایستگاه دهن بیغمک,GRB-SPA,,
station,GRB-SPA-021-S1,ایستگاه دهن بورالی,GRB-SPA,,
station,GRB-SPA-022-S1,ایستگاه دهن دستارزن,GRB-SPA,,
station,GRB-SPA-023-S1,ایستگاه دهن غجور,GRB-SPA,,
station,GRB-SPA-024-S1,ایستگاه دهن گلک,GRB-SPA,,
station,GRB-SPA-025-S1,ایستگاه دهن کاریزک,GRB-SPA,,
station,GRB-SPA-026-S1,ایستگاه دهن خاکریز,GRB-SPA,,
station,GRB-SPA-027-S1,ایستگاه دهن خربید,GRB-SPA,,
station,GRB-SPA-028-S1,ایستگاه دهن خشکک,GRB-SPA,,
station,GRB-SPA-029-S1,ایستگاه دهن لوخک,GRB-SPA,,
station,GRB-SPA-030-S1,ایستگاه دهن نال,GRB-SPA,,
station,GRB-SPA-031-S1,ایستگاه دهن ناوه,GRB-SPA,,
station,GRB-SPA-032-S1,ایستگاه دهن نایک,GRB-SPA,,
station,GRB-SPA-033-S1,ایستگاه دهن نیمزار,GRB-SPA,,
station,GRB-SPA-034-S1,ایستگاه دهن نو,GRB-SPA,,
station,GRB-SPA-035-S1,ایستگاه دهن اولیا,GRB-SPA,,
station,GRB-SPA-036-S1,ایستگاه دهن پرنداز,GRB-SPA,,
station,GRB-SPA-037-S1,ایستگاه دهن قرغنه,GRB-SPA,,
station,GRB-SPA-038-S1,ایستگاه دهن قمری,GRB-SPA,,
station,GRB-SPA-039-S1,ایستگاه دهن سنگینک,GRB-SPA,,
station,GRB-SPA-040-S1,ایستگاه دهن سیبک,GRB-SPA,,
station,GRB-SPA-041-S1,ایستگاه دهن سیبک بالا,GRB-SPA,,
station,GRB-SPA-042-S1,ایستگاه دهن تیرکوه,GRB-SPA,,
station,GRB-SPA-043-S1,ایستگاه دره کته‌سنگ,GRB-SPA,,
station,GRB-SPA-044-S1,ایستگاه دیوارک,GRB-SPA,,
station,GRB-SPA-045-S1,ایستگاه دینگک,GRB-SPA,,
station,GRB-SPA-046-S1,ایستگاه دیار,GRB-SPA,,
station,GRB-SPA-047-S1,ایستگاه دیار شیرمحمد,GRB-SPA,,
station,GRB-SPA-048-S1,ایستگاه دوآبی شنه,GRB-SPA,,
station,GRB-SPA-049-S1,ایستگاه فقیرک,GRB-SPA,,
station,GRB-SPA-050-S1,ایستگاه گردن پریده,GRB-SPA,,
station,GRB-SPA-051-S1,ایستگاه گاوپران,GRB-SPA,,
station,GRB-SPA-052-S1,ایستگاه گردی,GRB-SPA,,
station,GRB-SPA-053-S1,ایستگاه گدره,GRB-SPA,,
station,GRB-SPA-054-S1,ایستگاه گل‌بام,GRB-SPA,,
station,GRB-SPA-055-S1,ایستگاه حسن,GRB-SPA,,
station,GRB-SPA-056-S1,ایستگاه حولی,GRB-SPA,,
station,GRB-SPA-057-S1,ایستگاه اشتر مرده,GRB-SPA,,
station,GRB-SPA-058-S1,ایستگاه جامی,GRB-SPA,,
station,GRB-SPA-059-S1,ایستگاه جوره,GRB-SPA,,
station,GRB-SPA-060-S1,ایستگاه جوازک,GRB-SPA,,
station,GRB-SPA-061-S1,ایستگاه جوی شاه,GRB-SPA,,
station,GRB-SPA-062-S1,ایستگاه کجک,GRB-SPA,,
station,GRB-SPA-063-S1,ایستگاه کلان بابا,GRB-SPA,,
station,GRB-SPA-064-S1,ایستگاه کلان تله,GRB-SPA,,
station,GRB-SPA-065-S1,ایستگاه کاریزک,GRB-SPA,,
station,GRB-SPA-066-S1,ایستگاه خالی,GRB-SPA,,
station,GRB-SPA-067-S1,ایستگاه خانجک,GRB-SPA,,
station,GRB-SPA-068-S1,ایستگاه خراکین,GRB-SPA,,
station,GRB-SPA-069-S1,ایستگاه خربید,GRB-SPA,,
station,GRB-SPA-070-S1,ایستگاه خاطر,GRB-SPA,,
station,GRB-SPA-071-S1,ایستگاه خردکزی,GRB-SPA,,
station,GRB-SPA-072-S1,ایستگاه خواجه علی,GRB-SPA,,
station,GRB-SPA-073-S1,ایستگاه خواجه‌ها,GRB-SPA,,
station,GRB-SPA-074-S1,ایستگاه خواجه میار,GRB-SPA,,
station,GRB-SPA-075-S1,ایستگاه کوچک دهن الله‌محمد,GRB-SPA,,
station,GRB-SPA-076-S1,ایستگاه کوچک دهن غار,GRB-SPA,,
station,GRB-SPA-077-S1,ایستگاه کوچک دهن سموچه,GRB-SPA,,
station,GRB-SPA-078-S1,ایستگاه کوچک شادمان,GRB-SPA,,
station,GRB-SPA-079-S1,ایستگاه کهنه قلعه,GRB-SPA,,
station,GRB-SPA-080-S1,ایستگاه لاله,GRB-SPA,,
station,GRB-SPA-081-S1,ایستگاه لوخک,GRB-SPA,,
station,GRB-SPA-082-S1,ایستگاه ماکوله,GRB-SPA,,
station,GRB-SPA-083-S1,ایستگاه ملاخ‌خورده,GRB-SPA,,
station,GRB-SPA-084-S1,ایستگاه میته,GRB-SPA,,
station,GRB-SPA-085-S1,ایستگاه موشی,GRB-SPA,,
station,GRB-SPA-086-S1,ایستگاه محتشم,GRB-SPA,,
station,GRB-SPA-087-S1,ایستگاه ناورجوی,GRB-SPA,,
station,GRB-SPA-088-S1,ایستگاه نایک,GRB-SPA,,
station,GRB-SPA-089-S1,ایستگاه نعمت‌خیل,GRB-SPA,,
station,GRB-SPA-090-S1,ایستگاه نورک,GRB-SPA,,
station,GRB-SPA-091-S1,ایستگاه پس‌ده,GRB-SPA,,
station,GRB-SPA-092-S1,ایستگاه پای روکی,GRB-SPA,,
station,GRB-SPA-093-S1,ایستگاه پیش‌قشلاق,GRB-SPA,,
station,GRB-SPA-094-S1,ایستگاه پیر سلطان,GRB-SPA,,
station,GRB-SPA-095-S1,ایستگاه قلعه ابدال,GRB-SPA,,
station,GRB-SPA-096-S1,ایستگاه قلعه آسون,GRB-SPA,,
station,GRB-SPA-097-S1,ایستگاه قلعه عطا,GRB-SPA,,
station,GRB-SPA-098-S1,ایستگاه قلعه بغل,GRB-SPA,,
station,GRB-SPA-099-S1,ایستگاه قلعه جمیل,GRB-SPA,,
station,GRB-SPA-100-S1,ایستگاه قلعه خم,GRB-SPA,,
station,GRB-SPA-101-S1,ایستگاه قلعه نادرشاه,GRB-SPA,,
station,GRB-SPA-102-S1,ایستگاه قلعه پادشاهی,GRB-SPA,,
station,GRB-SPA-103-S1,ایستگاه قلعه پاینده,GRB-SPA,,
station,GRB-SPA-104-S1,ایستگاه قاپزار,GRB-SPA,,
station,GRB-SPA-105-S1,ایستگاه قریه فاضل,GRB-SPA,,
station,GRB-SPA-106-S1,ایستگاه قیدخانه,GRB-SPA,,
station,GRB-SPA-107-S1,ایستگاه قودی,GRB-SPA,,
station,GRB-SPA-108-S1,ایستگاه قول الیسوم,GRB-SPA,,
station,GRB-SPA-109-S1,ایستگاه قول کوچک,GRB-SPA,,
station,GRB-SPA-110-S1,ایستگاه قوناق,GRB-SPA,,
station,GRB-SPA-111-S1,ایستگاه قوم باقی,GRB-SPA,,
station,GRB-SPA-112-S1,ایستگاه قمری,GRB-SPA,,
station,GRB-SPA-113-S1,ایستگاه صد مرده,GRB-SPA,,
station,GRB-SPA-114-S1,ایستگاه سفره,GRB-SPA,,
station,GRB-SPA-115-S1,ایستگاه سنگینک,GRB-SPA,,
station,GRB-SPA-116-S1,ایستگاه سر آب‌پوش,GRB-SPA,,
station,GRB-SPA-117-S1,ایستگاه سر غجور,GRB-SPA,,
station,GRB-SPA-118-S1,ایستگاه سر گلک,GRB-SPA,,
station,GRB-SPA-119-S1,ایستگاه سر خاکریز,GRB-SPA,,
station,GRB-SPA-120-S1,ایستگاه سر تله,GRB-SPA,,
station,GRB-SPA-121-S1,ایستگاه سر تنگی,GRB-SPA,,
station,GRB-SPA-122-S1,ایستگاه سر ورکی,GRB-SPA,,
station,GRB-SPA-123-S1,ایستگاه سیبک,GRB-SPA,,
station,GRB-SPA-124-S1,ایستگاه سیل‌زاده,GRB-SPA,,
station,GRB-SPA-125-S1,ایستگاه شیبرک,GRB-SPA,,
station,GRB-SPA-126-S1,ایستگاه شینه,GRB-SPA,,
station,GRB-SPA-127-S1,ایستگاه شیرازی,GRB-SPA,,
station,GRB-SPA-128-S1,ایستگاه سیاه‌خراک,GRB-SPA,,
station,GRB-SPA-129-S1,ایستگاه سیاه‌سنگک,GRB-SPA,,
station,GRB-SPA-130-S1,ایستگاه سپیدار,GRB-SPA,,
station,GRB-SPA-131-S1,ایستگاه سموچک,GRB-SPA,,
station,GRB-SPA-132-S1,ایستگاه سرخ قلعه,GRB-SPA,,
station,GRB-SPA-133-S1,ایستگاه سرخ‌سنگ,GRB-SPA,,
station,GRB-SPA-134-S1,ایستگاه تنگی,GRB-SPA,,
station,GRB-SPA-135-S1,ایستگاه تای حولی,GRB-SPA,,
station,GRB-SPA-136-S1,ایستگاه وند,GRB-SPA,,
station,GRB-SPA-137-S1,ایستگاه ییلاق غول جتو,GRB-SPA,,
station,GRB-SPA-138-S1,ایستگاه ییلاق کلان بالا,GRB-SPA,,
station,GRB-SPA-139-S1,ایستگاه ییلاق کلان بالای قطندر,GRB-SPA,,
station,GRB-SPA-140-S1,ایستگاه ییلاق پیش‌قشلاق,GRB-SPA,,
station,GRB-SPA-141-S1,ایستگاه ییلاق وند,GRB-SPA,,
station,GRB-SPA-142-S1,ایستگاه زنبورک,GRB-SPA,,
station,GRB-SPA-143-S1,ایستگاه زیادته,GRB-SPA,,
station,GRB-SYG-001-S1,ایستگاه خیشکی,GRB-SYG,,
station,GRB-SYG-002-S1,ایستگاه صدوار,GRB-SYG,,
station,GRB-SYG-003-S1,ایستگاه دره‌قول‌خول,GRB-SYG,,
station,GRB-SYG-004-S1,ایستگاه قلعه نو,GRB-SYG,,
station,GRB-SYG-005-S1,ایستگاه ابراهیم‌خیل,GRB-SYG,,
station,GRB-SYG-006-S1,ایستگاه یعقوب‌خیل,GRB-SYG,,
station,GRB-SYG-007-S1,ایستگاه بهادرخان‌خیل,GRB-SYG,,
station,GRB-SYG-008-S1,ایستگاه شهبازخان‌خیل,GRB-SYG,,
station,GRB-SYG-009-S1,ایستگاه رحیم‌خیل,GRB-SYG,,
station,GRB-SYG-010-S1,ایستگاه جنت‌خیل,GRB-SYG,,
station,GRB-SYG-011-S1,ایستگاه ده‌ویران,GRB-SYG,,
station,GRB-SYG-012-S1,ایستگاه بلکزار,GRB-SYG,,
station,GRB-SYG-013-S1,ایستگاه خارزاز,GRB-SYG,,
station,GRB-SYG-014-S1,ایستگاه مکنکار,GRB-SYG,,
station,GRB-SYG-015-S1,ایستگاه اسپیلکزار,GRB-SYG,,
station,GRB-SYG-016-S1,ایستگاه اعظم‌خیل,GRB-SYG,,
station,GRB-SYG-017-S1,ایستگاه میرعالم‌خیل,GRB-SYG,,
station,GRB-SYG-018-S1,ایستگاه عبران‌خیل,GRB-SYG,,
station,GRB-SYG-019-S1,ایستگاه حجم‌خیل,GRB-SYG,,
station,GRB-SYG-020-S1,ایستگاه شاهی‌خیل,GRB-SYG,,
station,GRB-SYG-021-S1,ایستگاه کجیر‌خیل,GRB-SYG,,
station,GRB-SYG-022-S1,ایستگاه دوباف,GRB-SYG,,
station,GRB-SYG-023-S1,ایستگاه ملی‌خیل,GRB-SYG,,
station,GRB-SYG-024-S1,ایستگاه دوآبه,GRB-SYG,,
station,GRB-SYG-025-S1,ایستگاه شاه‌مردان,GRB-SYG,,
station,GRB-SYG-026-S1,ایستگاه داغان,GRB-SYG,,
station,GRB-SYG-027-S1,ایستگاه کورکان,GRB-SYG,,
station,GRB-SYG-028-S1,ایستگاه تیخان,GRB-SYG,,
station,GRB-SYG-029-S1,ایستگاه یخدره,GRB-SYG,,
station,GRB-SYG-030-S1,ایستگاه عاشمق‌خیل,GRB-SYG,,
station,GRB-SYG-031-S1,ایستگاه سیدان,GRB-SYG,,
station,GRB-SYG-032-S1,ایستگاه قمچاق,GRB-SYG,,
station,GRB-SYG-033-S1,ایستگاه شمشیر‌خیل,GRB-SYG,,
station,GRB-SYG-034-S1,ایستگاه میرخان‌خیل,GRB-SYG,,
station,GRB-SYG-035-S1,ایستگاه آب بالا,GRB-SYG,,
station,GRB-SYG-036-S1,ایستگاه زاخیل,GRB-SYG,,
station,GRB-SYG-037-S1,ایستگاه حصار افغانیه,GRB-SYG,,
station,GRB-SYG-038-S1,ایستگاه حصار تاجیکیه,GRB-SYG,,
station,GRB-SYG-039-S1,ایستگاه دشتک,GRB-SYG,,
station,GRB-SYG-040-S1,ایستگاه قلات,GRB-SYG,,
station,GRB-SYG-041-S1,ایستگاه قلعه عظیم‌الله,GRB-SYG,,
station,GRB-SYG-042-S1,ایستگاه کاریزی,GRB-SYG,,
station,GRB-SYG-043-S1,ایستگاه گردنه,GRB-SYG,,
station,GRB-SYG-044-S1,ایستگاه غندی,GRB-SYG,,
station,GRB-SYG-045-S1,ایستگاه جانبد‌خیل,GRB-SYG,,
station,GRB-SYG-046-S1,ایستگاه کوچه لقا,GRB-SYG,,
station,GRB-SYG-047-S1,ایستگاه کوچه عوض,GRB-SYG,,
station,GRB-SYG-048-S1,ایستگاه بلوچ‌خیل,GRB-SYG,,
station,GRB-SYG-049-S1,ایستگاه ملا‌خیل,GRB-SYG,,
station,GRB-SYG-050-S1,ایستگاه مکر‌خیل,GRB-SYG,,
station,GRB-SYG-051-S1,ایستگاه سرتوله,GRB-SYG,,
station,GRB-SYG-052-S1,ایستگاه جویدختر,GRB-SYG,,
station,GRB-SYG-053-S1,ایستگاه کوبچه,GRB-SYG,,
station,GRB-SYG-054-S1,ایستگاه سنگ‌سوراخ,GRB-SYG,,
station,GRB-SYG-055-S1,ایستگاه قولک,GRB-SYG,,
station,GRB-SYG-056-S1,ایستگاه بند عرب,GRB-SYG,,
station,GRB-SYG-057-S1,ایستگاه گلیا,GRB-SYG,,
station,GRB-SYG-058-S1,ایستگاه رنگاب,GRB-SYG,,
station,GRB-SYG-059-S1,ایستگاه گل‌محمد‌خیل,GRB-SYG,,
station,GRB-SYG-060-S1,ایستگاه عبدالله‌خیل,GRB-SYG,,
station,GRB-SYG-061-S1,ایستگاه رسولی‌خیل,GRB-SYG,,
station,GRB-SYG-062-S1,ایستگاه ده‌حیات,GRB-SYG,,
station,GRB-SYG-063-S1,ایستگاه وازغر,GRB-SYG,,
station,GRB-SYG-064-S1,ایستگاه توپی,GRB-SYG,,
station,GRB-SYG-065-S1,ایستگاه ارسا,GRB-SYG,,
station,GRB-SYG-066-S1,ایستگاه کلانتری,GRB-SYG,,
station,GRB-SYG-067-S1,ایستگاه برباغ,GRB-SYG,,
station,GRB-SYG-068-S1,ایستگاه انگارکچو,GRB-SYG,,
station,GRB-SYG-069-S1,ایستگاه ایوب‌خیل,GRB-SYG,,
station,GRB-SYG-070-S1,ایستگاه لیسه,GRB-SYG,,
station,GRB-SYG-071-S1,ایستگاه سه‌پایه,GRB-SYG,,
station,GRB-SYG-072-S1,ایستگاه آهنگران,GRB-SYG,,
station,GRB-SYG-073-S1,ایستگاه شلنگترازان,GRB-SYG,,
station,GRB-SYG-074-S1,ایستگاه شغاشلنگ,GRB-SYG,,
station,GRB-SYG-075-S1,ایستگاه باغ‌گودر,GRB-SYG,,
station,GRB-SYG-076-S1,ایستگاه زردالو,GRB-SYG,,
station,GRB-SYG-077-S1,ایستگاه فندقستان,GRB-SYG,,
station,GRB-SYG-078-S1,ایستگاه گداره,GRB-SYG,,
station,GRB-SYG-079-S1,ایستگاه قلعه‌کلان,GRB-SYG,,
station,GRB-SYG-080-S1,ایستگاه میرزاخیل,GRB-SYG,,
station,GRB-SYG-081-S1,ایستگاه بالاغیل,GRB-SYG,,
station,GRB-SYG-082-S1,ایستگاه سه‌قریه,GRB-SYG,,
station,GRB-SYG-083-S1,ایستگاه سردره,GRB-SYG,,
station,GRB-SYG-084-S1,ایستگاه تختا,GRB-SYG,,
station,GRB-SYG-085-S1,ایستگاه ننگرهاری,GRB-SYG,,
station,GRB-SYG-086-S1,ایستگاه شینواری,GRB-SYG,,
station,GRB-SYG-087-S1,ایستگاه قبیله,GRB-SYG,,
station,GRB-SYG-088-S1,ایستگاه آکصان,GRB-SYG,,
station,GRB-SYG-089-S1,ایستگاه باقل‌قول,GRB-SYG,,
station,GRB-SYG-090-S1,ایستگاه خشکک,GRB-SYG,,
station,GRB-SYG-091-S1,ایستگاه محقبان,GRB-SYG,,
station,GRB-SYG-092-S1,ایستگاه محتسبا,GRB-SYG,,
station,GRB-SYG-093-S1,ایستگاه میرزان,GRB-SYG,,
station,GRB-SYG-094-S1,ایستگاه دره‌تنگ,GRB-SYG,,
station,GRB-SYG-095-S1,ایستگاه دولتا,GRB-SYG,,
station,GRB-SYG-096-S1,ایستگاه تاوه,GRB-SYG,,
station,GRB-SYG-097-S1,ایستگاه زیبخشی,GRB-SYG,,
station,GRB-SYG-098-S1,ایستگاه جنتگیری,GRB-SYG,,
station,GRB-SYG-099-S1,ایستگاه جنریق,GRB-SYG,,
station,GRB-SYG-100-S1,ایستگاه زینیال,GRB-SYG,,
station,GRB-SYG-101-S1,ایستگاه زمین شاه‌ولی,GRB-SYG,,
station,GRB-SYG-102-S1,ایستگاه قولیچ,GRB-SYG,,
station,GRB-SYG-103-S1,ایستگاه باکس,GRB-SYG,,
station,GRB-SYG-104-S1,ایستگاه کراتا,GRB-SYG,,
station,GRB-SYG-105-S1,ایستگاه صاحبداد,GRB-SYG,,
station,GRB-SYG-106-S1,ایستگاه باقی‌دمبک,GRB-SYG,,
station,GRB-SYG-107-S1,ایستگاه قیدخانه,GRB-SYG,,
station,GRB-SYG-108-S1,ایستگاه پلنگ‌کشته,GRB-SYG,,
station,GRB-SYG-109-S1,ایستگاه گاو‌خواب‌کرده,GRB-SYG,,
station,GRB-SYG-110-S1,ایستگاه چیلان,GRB-SYG,,
station,GRB-SYG-111-S1,ایستگاه عصمت‌خیل,GRB-SYG,,
station,GRB-SYG-112-S1,ایستگاه سیاگکان,GRB-SYG,,
station,GRB-SYG-113-S1,ایستگاه سرمه,GRB-SYG,,
station,GRB-SYG-114-S1,ایستگاه سرماچه,GRB-SYG,,
station,GRB-SYG-115-S1,ایستگاه چهارده,GRB-SYG,,
station,GRB-SYG-116-S1,ایستگاه گلیان,GRB-SYG,,
station,GRB-SYG-117-S1,ایستگاه لنگر,GRB-SYG,,
station,GRB-SYG-118-S1,ایستگاه لیچ,GRB-SYG,,
station,GRB-SYG-119-S1,ایستگاه سقا,GRB-SYG,,
station,GRB-SYG-120-S1,ایستگاه جلالیه‌سقا,GRB-SYG,,
station,GRB-SYG-121-S1,ایستگاه گرمک‌چشمه,GRB-SYG,,
station,GRB-SYG-122-S1,ایستگاه نیازالله,GRB-SYG,,
station,GRB-SYG-123-S1,ایستگاه گداره‌دیدار,GRB-SYG,,
station,GRB-SYG-124-S1,ایستگاه حاجی‌خیل,GRB-SYG,,
station,GRB-SYG-125-S1,ایستگاه تیلر,GRB-SYG,,
station,GRB-SYG-126-S1,ایستگاه بغندی,GRB-SYG,,
station,GRB-SYG-127-S1,ایستگاه بغلک,GRB-SYG,,
station,GRB-SYG-128-S1,ایستگاه قلعچه,GRB-SYG,,
station,GRB-SYG-129-S1,ایستگاه قاملق,GRB-SYG,,
station,GRB-SYG-130-S1,ایستگاه خوشدره,GRB-SYG,,
station,GRB-SYG-131-S1,ایستگاه چهاونی,GRB-SYG,,
station,GRB-SYG-132-S1,ایستگاه حمیدالله‌خیل,GRB-SYG,,
station,GRB-SYG-133-S1,ایستگاه سیدباخم,GRB-SYG,,
station,GRB-SYG-134-S1,ایستگاه جنگل,GRB-SYG,,
station,GRB-SYG-135-S1,ایستگاه زی‌منصور,GRB-SYG,,
station,GRB-SYG-136-S1,ایستگاه منصوریه,GRB-SYG,,
station,GRB-SYG-137-S1,ایستگاه دهن‌پارسا,GRB-SYG,,
station,GRB-SYG-138-S1,ایستگاه فرنجل,GRB-SYG,,
station,GRB-SYG-139-S1,ایستگاه بهارستان‌باخم,GRB-SYG,,
station,GRB-SYG-140-S1,ایستگاه آشتیانا‌باخم,GRB-SYG,,
station,GRB-SYG-141-S1,ایستگاه تازه‌فرنجل,GRB-SYG,,
station,GRB-SYG-142-S1,ایستگاه قلعه‌کهنه,GRB-SYG,,
station,GRB-SYG-143-S1,ایستگاه پس‌قلعه,GRB-SYG,,
station,GRB-SYG-144-S1,ایستگاه دشت‌آب,GRB-SYG,,
station,GRB-SYG-145-S1,ایستگاه چهلگزی,GRB-SYG,,
station,GRB-SYG-146-S1,ایستگاه بودا,GRB-SYG,,
station,GRB-SYG-147-S1,ایستگاه لشکر,GRB-SYG,,
station,GRB-SYG-148-S1,ایستگاه حقداد,GRB-SYG,,
station,GRB-SYG-149-S1,ایستگاه واته‌پور,GRB-SYG,,
station,GRB-SYG-150-S1,ایستگاه اسلمیه,GRB-SYG,,
station,GRB-SYG-151-S1,ایستگاه قدیباغ و نقشبندیا,GRB-SYG,,
station,GRB-SYG-152-S1,ایستگاه نعیم‌الله,GRB-SYG,,
station,GRB-SYG-153-S1,ایستگاه تیکان,GRB-SYG,,
station,GRB-SYG-154-S1,ایستگاه قلعه‌نورخان,GRB-SYG,,
station,GRB-SYG-155-S1,ایستگاه دره‌زاب,GRB-SYG,,
station,GRB-SYG-156-S1,ایستگاه دهن‌زاب,GRB-SYG,,
station,GRB-SYG-157-S1,ایستگاه جر‌زاب,GRB-SYG,,
station,GRB-SYG-158-S1,ایستگاه قلعه‌سرسنگ,GRB-SYG,,
station,GRB-SYG-159-S1,ایستگاه کتارخاک,GRB-SYG,,
station,GRB-SYG-160-S1,ایستگاه دشت‌کواز,GRB-SYG,,
station,GRB-SYG-161-S1,ایستگاه پسکان,GRB-SYG,,
station,GRB-SYG-162-S1,ایستگاه مازانه,GRB-SYG,,
station,GRB-SYG-163-S1,ایستگاه دوآب,GRB-SYG,,
station,GRB-SYG-164-S1,ایستگاه پشته,GRB-SYG,,
station,GRB-SYG-165-S1,ایستگاه آدینه,GRB-SYG,,
station,GRB-SYG-166-S1,ایستگاه کرکره,GRB-SYG,,
station,GRB-SYG-167-S1,ایستگاه دندآب,GRB-SYG,,
station,GRB-SYG-168-S1,ایستگاه سرخی,GRB-SYG,,
station,GRB-SYG-169-S1,ایستگاه بالا‌قلعه‌لنگش,GRB-SYG,,
station,GRB-SYG-170-S1,ایستگاه طبقی,GRB-SYG,,
station,GRB-SYG-171-S1,ایستگاه درنازو,GRB-SYG,,
station,GRB-SYG-172-S1,ایستگاه قول‌سعید,GRB-SYG,,
station,GRB-SYG-173-S1,ایستگاه حاجتگاه,GRB-SYG,,
station,GRB-SYG-174-S1,ایستگاه قول‌مسعود,GRB-SYG,,
station,GRB-SYG-175-S1,ایستگاه بلال‌خیل,GRB-SYG,,
station,GRB-SYG-176-S1,ایستگاه سنگ‌حصار,GRB-SYG,,
station,GRB-SYG-177-S1,ایستگاه بالا‌حصار,GRB-SYG,,
station,GRB-SYG-178-S1,ایستگاه چهارمغزک,GRB-SYG,,
station,GRB-SYG-179-S1,ایستگاه چکریزار,GRB-SYG,,
station,GRB-SYG-180-S1,ایستگاه چنارک,GRB-SYG,,
station,GRB-SYG-181-S1,ایستگاه چنارو,GRB-SYG,,
station,GRB-SYG-182-S1,ایستگاه باقی‌خیل,GRB-SYG,,
station,GRB-SYG-183-S1,ایستگاه ده‌نو,GRB-SYG,,
station,GRB-SYG-184-S1,ایستگاه ورسندان,GRB-SYG,,
station,GRB-SYG-185-S1,ایستگاه بشال,GRB-SYG,,
station,GRB-SYG-186-S1,ایستگاه پیرکه,GRB-SYG,,
station,GRB-SYG-187-S1,ایستگاه پته‌پایه,GRB-SYG,,
station,GRB-SYG-188-S1,ایستگاه سلطانیه,GRB-SYG,,
station,GRB-SYG-189-S1,ایستگاه جلگه,GRB-SYG,,
station,KBL-JAD-001-S1,ایستگاه غوربند,KBL-JAD,,
station,KBL-KHM-001-S1,ایستگاه غوربند,KBL-KHM,,
